{"cameraMode":{"drawMode":0,"name":"Shaded","section":"Shading Mode"},"sceneLighting":false,"audioPlay":false,"sceneViewState":{"showFog":true,"showMaterialUpdate":false,"showSkybox":false,"showFlares":true,"showImageEffects":true,"showParticleSystems":true},"in2DMode":false,"pivot":{"x":-0.5574992895126343,"y":0.9843622446060181,"z":0.22774648666381837},"rotation":{"x":0.033649902790784839,"y":-0.9356575608253479,"z":0.0929340347647667,"w":0.3387860357761383},"size":5.1617865562438969,"orthographic":true}