{"cameraMode":{"drawMode":0,"name":"Shaded","section":"Shading Mode"},"sceneLighting":true,"audioPlay":false,"sceneViewState":{"showFog":true,"showMaterialUpdate":false,"showSkybox":true,"showFlares":true,"showImageEffects":true,"showParticleSystems":true},"in2DMode":false,"pivot":{"x":-0.1810302734375,"y":-0.201171875,"z":3.7314453125},"rotation":{"x":0.22874926030635835,"y":-0.040872957557439807,"z":0.0096137011423707,"w":0.9725794196128845},"size":14.419602394104004,"orthographic":true}