{"cameraMode":{"drawMode":0,"name":"Shaded","section":"Shading Mode"},"sceneLighting":false,"audioPlay":false,"sceneViewState":{"showFog":true,"showMaterialUpdate":false,"showSkybox":false,"showFlares":true,"showImageEffects":true,"showParticleSystems":true},"in2DMode":false,"pivot":{"x":-1.5409934520721436,"y":1026.9366455078125,"z":74.96484375},"rotation":{"x":-0.0014989200280979276,"y":-0.037490878254175189,"z":-0.00005628917278954759,"w":0.9992958903312683},"size":30.07781982421875,"orthographic":true}