{"cameraMode":{"drawMode":0,"name":"Shaded","section":"Shading Mode"},"sceneLighting":false,"audioPlay":false,"sceneViewState":{"showFog":true,"showMaterialUpdate":false,"showSkybox":false,"showFlares":true,"showImageEffects":true,"showParticleSystems":true},"in2DMode":false,"pivot":{"x":-31.532634735107423,"y":3.9690334796905519,"z":8.783048629760743},"rotation":{"x":0.1368822306394577,"y":0.8330841064453125,"z":-0.23730400204658509,"w":0.48054251074790957},"size":6.235189437866211,"orthographic":false}