{"cameraMode":{"drawMode":0,"name":"Shaded","section":"Shading Mode"},"sceneLighting":false,"audioPlay":false,"sceneViewState":{"showFog":true,"showMaterialUpdate":false,"showSkybox":false,"showFlares":true,"showImageEffects":true,"showParticleSystems":true},"in2DMode":false,"pivot":{"x":-0.9749999642372131,"y":0.9594376087188721,"z":-2.5},"rotation":{"x":0.1368822306394577,"y":0.8330841064453125,"z":-0.23730400204658509,"w":0.48054251074790957},"size":14.491005897521973,"orthographic":false}