{"cameraMode":{"drawMode":0,"name":"Shaded","section":"Shading Mode"},"sceneLighting":false,"audioPlay":false,"sceneViewState":{"showFog":true,"showMaterialUpdate":false,"showSkybox":false,"showFlares":true,"showImageEffects":true,"showParticleSystems":true},"in2DMode":false,"pivot":{"x":13.28145980834961,"y":2.0891380310058595,"z":14.727249145507813},"rotation":{"x":0.15683214366436006,"y":0.8278588056564331,"z":-0.28356271982192995,"w":0.45787084102630618},"size":78.03704833984375,"orthographic":false}