{"cameraMode":{"drawMode":0,"name":"Shaded","section":"Shading Mode"},"sceneLighting":true,"audioPlay":false,"sceneViewState":{"showFog":true,"showMaterialUpdate":false,"showSkybox":true,"showFlares":true,"showImageEffects":true,"showParticleSystems":true},"in2DMode":false,"pivot":{"x":1497.086669921875,"y":946.5999755859375,"z":1496.240966796875},"rotation":{"x":0.3155711889266968,"y":0.28587210178375246,"z":-0.10030809789896012,"w":0.8992387056350708},"size":6094.19384765625,"orthographic":true}