{"cameraMode":{"drawMode":0,"name":"Shaded","section":"Shading Mode"},"sceneLighting":false,"audioPlay":false,"sceneViewState":{"showFog":true,"showMaterialUpdate":false,"showSkybox":false,"showFlares":true,"showImageEffects":true,"showParticleSystems":true},"in2DMode":false,"pivot":{"x":10.095531463623047,"y":-5.027382850646973,"z":-35.44970703125},"rotation":{"x":0.28474584221839907,"y":0.06836877763271332,"z":-0.020365197211503984,"w":0.9559450149536133},"size":1945.817138671875,"orthographic":false}