{"cameraMode":{"drawMode":0,"name":"Shaded","section":"Shading Mode"},"sceneLighting":false,"audioPlay":false,"sceneViewState":{"showFog":true,"showMaterialUpdate":false,"showSkybox":false,"showFlares":true,"showImageEffects":true,"showParticleSystems":true},"in2DMode":false,"pivot":{"x":-7.320001602172852,"y":-7.96999979019165,"z":-9.319867134094239},"rotation":{"x":-0.1394716203212738,"y":0.2329275757074356,"z":-0.03377523273229599,"w":-0.9618480205535889},"size":68.32972717285156,"orthographic":true}