{"cameraMode":{"drawMode":0,"name":"Shaded","section":"Shading Mode"},"sceneLighting":false,"audioPlay":false,"sceneViewState":{"showFog":true,"showMaterialUpdate":false,"showSkybox":false,"showFlares":true,"showImageEffects":true,"showParticleSystems":true},"in2DMode":false,"pivot":{"x":2145.669921875,"y":1322.889404296875,"z":2.16064453125},"rotation":{"x":0.0030840570107102396,"y":0.9965594410896301,"z":-0.0703740194439888,"w":0.04367351904511452},"size":5.329644203186035,"orthographic":true}