{"cameraMode":{"drawMode":0,"name":"Shaded","section":"Shading Mode"},"sceneLighting":true,"audioPlay":false,"sceneViewState":{"showFog":true,"showMaterialUpdate":false,"showSkybox":true,"showFlares":true,"showImageEffects":true,"showParticleSystems":true},"in2DMode":false,"pivot":{"x":805.4873657226563,"y":450.0,"z":1280.7388916015625},"rotation":{"x":-0.14217060804367066,"y":0.8568702936172485,"z":-0.3278195261955261,"w":-0.3716115355491638},"size":4322.06396484375,"orthographic":true}