{"cameraMode":{"drawMode":0,"name":"Shaded","section":"Shading Mode"},"sceneLighting":true,"audioPlay":false,"sceneViewState":{"showFog":true,"showMaterialUpdate":false,"showSkybox":true,"showFlares":true,"showImageEffects":true,"showParticleSystems":true},"in2DMode":false,"pivot":{"x":110.03028869628906,"y":961.45458984375,"z":1028.465576171875},"rotation":{"x":0.306359201669693,"y":0.6804521679878235,"z":-0.38276243209838869,"w":0.5446301102638245},"size":2560.112060546875,"orthographic":true}