{"cameraMode":{"drawMode":0,"name":"Shaded","section":"Shading Mode"},"sceneLighting":false,"audioPlay":false,"sceneViewState":{"showFog":true,"showMaterialUpdate":false,"showSkybox":false,"showFlares":true,"showImageEffects":true,"showParticleSystems":true},"in2DMode":false,"pivot":{"x":2144.99462890625,"y":1321.3265380859375,"z":4.428720474243164},"rotation":{"x":0.3560034930706024,"y":-0.3689021170139313,"z":0.15553559362888337,"w":0.8443823456764221},"size":5.194167137145996,"orthographic":true}