{"cameraMode":{"drawMode":0,"name":"Shaded","section":"Shading Mode"},"sceneLighting":true,"audioPlay":false,"sceneViewState":{"showFog":true,"showMaterialUpdate":false,"showSkybox":true,"showFlares":true,"showImageEffects":true,"showParticleSystems":true},"in2DMode":false,"pivot":{"x":2144.99462890625,"y":1321.3265380859375,"z":4.428720474243164},"rotation":{"x":0.29518234729766848,"y":-0.7037636637687683,"z":0.4334208071231842,"w":0.4793020784854889},"size":5801.83544921875,"orthographic":true}