{"cameraMode":{"drawMode":0,"name":"Shaded","section":"Shading Mode"},"sceneLighting":true,"audioPlay":false,"sceneViewState":{"showFog":true,"showMaterialUpdate":false,"showSkybox":true,"showFlares":true,"showImageEffects":true,"showParticleSystems":true},"in2DMode":false,"pivot":{"x":2141.4267578125,"y":1322.572265625,"z":4.283914566040039},"rotation":{"x":0.06412916630506516,"y":0.10041670501232147,"z":-0.006474500522017479,"w":0.9928554892539978},"size":7.848341464996338,"orthographic":true}