{"cameraMode":{"drawMode":0,"name":"Shaded","section":"Shading Mode"},"sceneLighting":false,"audioPlay":false,"sceneViewState":{"showFog":true,"showMaterialUpdate":false,"showSkybox":false,"showFlares":true,"showImageEffects":true,"showParticleSystems":true},"in2DMode":false,"pivot":{"x":2144.97119140625,"y":1322.470703125,"z":5.1498918533325199},"rotation":{"x":0.3744635581970215,"y":-0.027811121195554735,"z":0.011237196624279023,"w":0.9267564415931702},"size":5.832153797149658,"orthographic":true}