{"cameraMode":{"drawMode":0,"name":"Shaded","section":"Shading Mode"},"sceneLighting":false,"audioPlay":false,"sceneViewState":{"showFog":true,"showMaterialUpdate":false,"showSkybox":false,"showFlares":true,"showImageEffects":true,"showParticleSystems":true},"in2DMode":false,"pivot":{"x":3.827744245529175,"y":3.031271457672119,"z":2.8640854358673097},"rotation":{"x":0.1368822306394577,"y":0.8330841064453125,"z":-0.23730400204658509,"w":0.48054251074790957},"size":14.062820434570313,"orthographic":false}