{"cameraMode":{"drawMode":0,"name":"Shaded","section":"Shading Mode"},"sceneLighting":false,"audioPlay":false,"sceneViewState":{"showFog":true,"showMaterialUpdate":false,"showSkybox":false,"showFlares":true,"showImageEffects":true,"showParticleSystems":true},"in2DMode":false,"pivot":{"x":-7.425514221191406,"y":-13.947511672973633,"z":9.029184341430664},"rotation":{"x":0.22190840542316438,"y":0.34816285967826846,"z":-0.08520174026489258,"w":0.9067965745925903},"size":33.64360809326172,"orthographic":false}