{"cameraMode":{"drawMode":0,"name":"Shaded","section":"Shading Mode"},"sceneLighting":false,"audioPlay":false,"sceneViewState":{"showFog":true,"showMaterialUpdate":false,"showSkybox":false,"showFlares":true,"showImageEffects":true,"showParticleSystems":true},"in2DMode":false,"pivot":{"x":2144.453369140625,"y":1318.5057373046875,"z":8.70669174194336},"rotation":{"x":0.18935003876686097,"y":-0.0005909303436055779,"z":0.00011393969180062413,"w":0.9819095134735107},"size":9.787216186523438,"orthographic":false}