{"cameraMode":{"drawMode":0,"name":"Shaded","section":"Shading Mode"},"sceneLighting":false,"audioPlay":false,"sceneViewState":{"showFog":true,"showMaterialUpdate":false,"showSkybox":false,"showFlares":true,"showImageEffects":true,"showParticleSystems":true},"in2DMode":false,"pivot":{"x":3.044057846069336,"y":3.059209108352661,"z":1.4745737314224244},"rotation":{"x":0.1368822157382965,"y":0.833083987236023,"z":-0.2373039722442627,"w":0.48054245114326479},"size":5.652901649475098,"orthographic":false}