{"cameraMode":{"drawMode":0,"name":"Shaded","section":"Shading Mode"},"sceneLighting":false,"audioPlay":false,"sceneViewState":{"showFog":true,"showMaterialUpdate":false,"showSkybox":false,"showFlares":true,"showImageEffects":true,"showParticleSystems":true},"in2DMode":false,"pivot":{"x":-30.990001678466798,"y":-7.909999847412109,"z":-9.319867134094239},"rotation":{"x":0.007485224399715662,"y":-0.06236507371068001,"z":-0.0004675915988627821,"w":-0.9980252981185913},"size":22.0,"orthographic":true}