{"cameraMode":{"drawMode":0,"name":"Shaded","section":"Shading Mode"},"sceneLighting":false,"audioPlay":false,"sceneViewState":{"showFog":true,"showMaterialUpdate":false,"showSkybox":false,"showFlares":true,"showImageEffects":true,"showParticleSystems":true},"in2DMode":false,"pivot":{"x":0.0,"y":0.07456761598587036,"z":0.4675901532173157},"rotation":{"x":0.09186606854200363,"y":-0.7752577066421509,"z":0.1159796193242073,"w":0.614072322845459},"size":2.366060256958008,"orthographic":true}