{"cameraMode":{"drawMode":0,"name":"Shaded","section":"Shading Mode"},"sceneLighting":true,"audioPlay":false,"sceneViewState":{"showFog":true,"showMaterialUpdate":false,"showSkybox":true,"showFlares":true,"showImageEffects":true,"showParticleSystems":true},"in2DMode":false,"pivot":{"x":-0.13055419921875,"y":0.8719482421875,"z":-0.01513671875},"rotation":{"x":-0.0932396724820137,"y":-0.15289868414402009,"z":0.014494058676064015,"w":-0.9837267994880676},"size":2.0544378757476808,"orthographic":true}