{"cameraMode":{"drawMode":0,"name":"Shaded","section":"Shading Mode"},"sceneLighting":false,"audioPlay":false,"sceneViewState":{"showFog":true,"showMaterialUpdate":false,"showSkybox":false,"showFlares":true,"showImageEffects":true,"showParticleSystems":true},"in2DMode":false,"pivot":{"x":0.0,"y":1.2210006713867188,"z":50.11698913574219},"rotation":{"x":-0.0014986710157245398,"y":-0.9984813928604126,"z":0.041960813105106357,"w":-0.03566458076238632},"size":422.7816162109375,"orthographic":true}