{"cameraMode":{"drawMode":0,"name":"Shaded","section":"Shading Mode"},"sceneLighting":true,"audioPlay":false,"sceneViewState":{"showFog":true,"showMaterialUpdate":false,"showSkybox":true,"showFlares":true,"showImageEffects":true,"showParticleSystems":true},"in2DMode":false,"pivot":{"x":-50.437496185302737,"y":74.7177734375,"z":-4.372260093688965},"rotation":{"x":0.18249882757663728,"y":-0.790386974811554,"z":0.28136909008026125,"w":0.5126540064811707},"size":338.81927490234377,"orthographic":true}