{"cameraMode":{"drawMode":0,"name":"Shaded","section":"Shading Mode"},"sceneLighting":false,"audioPlay":false,"sceneViewState":{"showFog":true,"showMaterialUpdate":false,"showSkybox":false,"showFlares":true,"showImageEffects":true,"showParticleSystems":true},"in2DMode":false,"pivot":{"x":2.869999885559082,"y":-3.1525633335113527,"z":-933.736572265625},"rotation":{"x":-0.152033731341362,"y":-0.7743486762046814,"z":0.20309515297412873,"w":-0.5796743631362915},"size":22.129844665527345,"orthographic":true}