{"cameraMode":{"drawMode":0,"name":"Shaded","section":"Shading Mode"},"sceneLighting":true,"audioPlay":false,"sceneViewState":{"showFog":true,"showMaterialUpdate":false,"showSkybox":true,"showFlares":true,"showImageEffects":true,"showParticleSystems":true},"in2DMode":false,"pivot":{"x":-0.755914568901062,"y":562.4337158203125,"z":40.0},"rotation":{"x":0.3773330748081207,"y":-0.018898114562034608,"z":0.007699892856180668,"w":0.9258527755737305},"size":1073.2623291015625,"orthographic":true}