{"cameraMode":{"drawMode":0,"name":"Shaded","section":"Shading Mode"},"sceneLighting":true,"audioPlay":false,"sceneViewState":{"showFog":true,"showMaterialUpdate":false,"showSkybox":true,"showFlares":true,"showImageEffects":true,"showParticleSystems":true},"in2DMode":false,"pivot":{"x":23.05758285522461,"y":0.6472854614257813,"z":-12.279909133911133},"rotation":{"x":-0.01876222714781761,"y":0.9718528389930725,"z":-0.21968330442905427,"w":-0.08300188183784485},"size":105.17949676513672,"orthographic":false}