{"cameraMode":{"drawMode":0,"name":"Shaded","section":"Shading Mode"},"sceneLighting":true,"audioPlay":false,"sceneViewState":{"showFog":true,"showMaterialUpdate":false,"showSkybox":true,"showFlares":true,"showImageEffects":true,"showParticleSystems":true},"in2DMode":false,"pivot":{"x":1570.413818359375,"y":-6277.2353515625,"z":1701.615234375},"rotation":{"x":-0.472206711769104,"y":-0.2843298316001892,"z":0.1641208827495575,"w":-0.8180719614028931},"size":14843.3671875,"orthographic":false}