{"cameraMode":{"drawMode":0,"name":"Shaded","section":"Shading Mode"},"sceneLighting":false,"audioPlay":false,"sceneViewState":{"showFog":true,"showMaterialUpdate":false,"showSkybox":false,"showFlares":true,"showImageEffects":true,"showParticleSystems":true},"in2DMode":false,"pivot":{"x":-1.9724836349487305,"y":1.4323458671569825,"z":2.5640547275543215},"rotation":{"x":-0.36046871542930605,"y":-0.03217167779803276,"z":0.012441490776836872,"w":-0.9321333169937134},"size":7.417000770568848,"orthographic":false}